score,app_id,content,app_score,app_title,review_id,user_name,scraped_at,user_image,review_date,app_category,app_developer,scraper_config,review_date_raw,thumbs_up_count,app_reviews_count,review_created_version
3,com.bca,"scan qris tidak bs dipakai. infonya gagal transaksi. kenapa ya? sebelum d upgrade versi terbaru bisa dipakai lancar2 aja qris. tapi setelah upgrade, ada aja kendala nya, seperti lampu indikator merah padahal data aktif, lalu scan qris tidak muncul kameranya, lalu skrg scan qris ga bs. tp kamera aktif, bs masuk nominal harga dan masukan password, setelah password, transaksi gagal. itu kenapa ya? mohon d perbaiki bca",4.0530066,BCA mobile,be7c3f96-6371-49c8-acfa-36f1ca6dfa88,hendris zahran,2025-08-20T17:13:57.008433,https://play-lh.googleusercontent.com/a-/ALV-UjVbOu4azRSHNSjdLvy36MmX8DHOH5jgEfJPoFoYrHdM6Vi4RTc,2025-07-18T10:49:52,Keuangan,PT Bank Central Asia Tbk.,[object Object],2025-07-18 10:49:52,69,557329,4.6.8
1,com.bca,"iya sama juga baru download buat daftar eh masuk konfirmasi nomor kartu di suru nunggu indikator hijau tapi ga ada kotak indikatornya, wa ke bca juga ga ada solusi, kayany bener deh abis di update jadi error deh ,besok mau ke bca da mau liat kebingungan yang mereka alami juga dan apa solusinya nanti",4.0530066,BCA mobile,29456df1-f728-4540-a498-7cf4a774ffe8,Rismania Hermawan,2025-08-20T17:13:57.008449,https://play-lh.googleusercontent.com/a-/ALV-UjUS6fehGulg5Tk1GUj4n2-0T6R8ckC1yQcVxJrlGP-xL9Gawv9h,2025-05-26T20:18:04,Keuangan,PT Bank Central Asia Tbk.,[object Object],2025-05-26 20:18:04,144,557329,4.6.6
2,com.bca,"jujur secara keamanan lebih aman yg aplikasi mybca ini aga tricky yaaaa,, ui ux / tampilan aplikasi dan kemudahannya nya lebih mudah mybca keamanan cmn taut nomor doang (tersebar berita otp penipu takutnya tetep takutnya resiko). Sebelum daftar sedia pulsa buat verifikasi & otp ya guys. Sebelum daftar aplikasi ke ATM dulu nautin nomor di ATM dulu (baca tutorial di web2 BCA banyak). secara notifikasi hmm aku bingung üòï harus cek + ga ada naut langsung ke email kl email kn enak tiap tercatat",4.0530066,BCA mobile,bccc5a52-725f-4838-abe9-42db5b74c729,Frederica,2025-08-20T17:13:57.008456,https://play-lh.googleusercontent.com/a-/ALV-UjVs9XCbM7Zsiy3QSruWXbam1Me-TqTSx9FcG7JmvYhelbmZ4Fxp,2025-08-09T16:30:57,Keuangan,PT Bank Central Asia Tbk.,[object Object],2025-08-09 16:30:57,30,557329,4.6.9
4,com.bca,"hampir semua fitur tidak bisa di gunakan, tidak bisa tranfer ya,, antar rekening,, antar bank, semua sudah tersimpan tapi begitu mau tranfer suruh nulis lagi gimana ini REEPOT SRKALI qris pun tidak bisa",4.0530066,BCA mobile,d53d5665-43df-4e0c-b9b5-62b23cf5c40a,La Piye,2025-08-20T17:13:57.008461,https://play-lh.googleusercontent.com/a-/ALV-UjVyObzOfpnP_-ImMuBNhJpm3qHNCC04cjHZ3ZlYcSeDepsVyg46,2025-08-13T14:25:55,Keuangan,PT Bank Central Asia Tbk.,[object Object],2025-08-13 14:25:55,4,557329,4.6.9
1,com.bca,"Ribet banget daftarnya yaAllohh bertele tele banget, ini baru daftar belum pas udah masuk aplikasinya. Tolong di perbaiki ya kalo bisa no hp yang sama bisa di pake 2 m - bankingüôèüèª",4.0530066,BCA mobile,5f9b9b53-1e33-427b-b217-ea1634c7bea8,Eva Siti,2025-08-20T17:13:57.008467,https://play-lh.googleusercontent.com/a-/ALV-UjURMTQYzFaEwQ7BaN2KDULRswyXNgWTCiFFQ53BnCUBY_vXJKU,2025-08-08T19:51:15,Keuangan,PT Bank Central Asia Tbk.,[object Object],2025-08-08 19:51:15,256,557329,4.6.9
4,com.bca,Pagi bca... Knp akhir akhir ini saya mau transfer selalu loading trus ya. Katanya koneksi internet. Padahal saya buat cek saldo dan mutasi lancar. Sy pake wifi jadi gk mungkin koneksi internet kan. Mhn penjelasan nya. Tks,4.0530066,BCA mobile,997b945f-856f-4152-83b5-5d0cb838940a,eka purwanti,2025-08-20T17:13:57.008472,https://play-lh.googleusercontent.com/a-/ALV-UjUQEa-Es8qra_aaF5j18PA6cOVhAhSk8m325wpcCYWnnRXmwZuH,2025-08-09T06:12:15,Keuangan,PT Bank Central Asia Tbk.,[object Object],2025-08-09 06:12:15,10,557329,4.6.9
1,com.bca,"Makin ke sini makin suslit untuk di gunakan, saya ganti hp, otomatis saya harus pindah Mbanking, tapi setelah di instal sulit sekali untuk masuk, pulsa sudah habis banyak untuk kirim pesan dari mbca, sudah nunggu lama proses, eh yang muncul maaf untuk sementara tidak dapat di lakukan, silahkan coba beberapa saat lagi, masa itu mulu yg muncul,toling di tingkatkan lagi kualitasnya bos.",4.0530066,BCA mobile,41bc3da6-7400-480d-a3fd-430e52cc042f,Abdoul J,2025-08-20T17:13:57.008477,https://play-lh.googleusercontent.com/a-/ALV-UjXZu5R1zL6wP29oabG-wEC41NUqLrYm7UVgLNGn4B_EFmEXb_6r,2025-07-27T11:41:11,Keuangan,PT Bank Central Asia Tbk.,[object Object],2025-07-27 11:41:11,142,557329,4.6.8
1,com.bca,"beberapa waktu ini sering tidak bisa transfer. tiap buka menu transfer lama banget, buffering terus. chat cs hanya dikasih saran utk pastikan koneksi internet menyala. padahal sinyal bagus, coba pakai wifi jg tetep gabisa. pakai app ini sudah lama, dari sebelum 2020. tp skrg kok gini ya, apa pelan¬≤ ""dipaksa"" pindah ke mybca?",4.0530066,BCA mobile,5344a30b-49bc-4efe-83cb-696300886f01,Jelita Brilyanti,2025-08-20T17:13:57.008483,https://play-lh.googleusercontent.com/a/ACg8ocKek53xvs65OPrMZNhpymNb2_e8Y6o9uK9MlF8ir7CMGSMMEQ=mo,2025-07-10T07:40:43,Keuangan,PT Bank Central Asia Tbk.,[object Object],2025-07-10 07:40:43,117,557329,4.6.7
4,com.bca,"apa versi update terbaru apa sudah bisa fitur aksesibilitas tetap aktif,semoga fitur aksesibilitas tetap aktif ya dan mohon selanjutnya jangan sampai mematikan fitur lain di ponsel utk tetap bisa akses Mbca",4.0530066,BCA mobile,28f7b90b-2686-4afc-84b2-20f61e76d09e,Aero X,2025-08-20T17:13:57.008487,https://play-lh.googleusercontent.com/a-/ALV-UjV3KFbXsrqfkRHjm66WpthH2yJP_AEbMQwUuHmYWXuJwOCoEoR5,2025-08-09T20:54:01,Keuangan,PT Bank Central Asia Tbk.,[object Object],2025-08-09 20:54:01,3,557329,4.6.9
3,com.bca,"BCA tolong kedepannya untuk pemotongan biyaya admin per bulan, potongan transfer antara bang lain, dan juga pemotongan untuk pembuatan kartu itu (ada history/catatannya di aplikasi jadi kita tuh tau berapa dan untuk apa saja saldo kita itu berkurang), pokoknya harus ada fitur yg kayak gitu, dan saya kasih bintang dua karena apk ini sangat mudah dan gampang di mengerti yg (punya keluhan sama tolong like biar di lihat BCA keluhannya).üôèüèªüôèüèªüôèüèª",4.0530066,BCA mobile,a6548064-f4a9-4c12-9542-eb63b8c3e495,Aku Siapa,2025-08-20T17:13:57.008492,https://play-lh.googleusercontent.com/a/ACg8ocI1Cy1VJ0PVKN4b1p2yqTovPUM3Y52L0bwgcSMyepWY5clOKQ=mo,2025-07-19T09:03:21,Keuangan,PT Bank Central Asia Tbk.,[object Object],2025-07-19 09:03:21,25,557329,4.6.8
4,com.bca,"setelah update,, aplikasi tdk bisa dibuka dan terus terhenti.. mohon perbaikannya,, mksh Edit : Harus di hapus dulu lalu instal ulang, kemudian baru bisa berjalan normal..",4.0530066,BCA mobile,b4a6e6d2-71dc-47c0-acc7-f5ef5288b706,Lidya Desayu S,2025-08-20T17:13:57.008497,https://play-lh.googleusercontent.com/a/ACg8ocI1fs3kUCZ0FJPXlzAHIMviWLu2MammG_qyBxse59k-BX08M3s=mo,2025-08-11T17:18:28,Keuangan,PT Bank Central Asia Tbk.,[object Object],2025-08-11 17:18:28,3,557329,4.6.9
1,com.bca,"mohon maaf sudah beberapa kali mencoba untuk aktivasi lampu indikatornya tidak ada hijau sama sekali, sudah tanya ke MBA TELLER nya harus uninstall kemudian install ulang dan mencoba ulang, sudah saya coba tetep gak adaa, masalah sinyal, sinyal udah ada pulsa adaa tetep gak bisa saya coba terus sampe pulsa habis terkuras sama sekali tidak bisa.",4.0530066,BCA mobile,5d7a53ff-5f63-44d8-ad8d-fcf352d22a7d,„Ç¢„Ç§„Ç´ÔºàRiska AmeliaÔºâ,2025-08-20T17:13:57.008502,https://play-lh.googleusercontent.com/a/ACg8ocIcaHl0fXBnod9bySv8Rcw-tCXaReZwc8sB8lcUXc442nc14Q=mo,2025-07-20T19:12:41,Keuangan,PT Bank Central Asia Tbk.,[object Object],2025-07-20 19:12:41,63,557329,4.6.8
1,com.bca,"ini aplikasinya kenapa jadi gak bisa transfer rekening dari nama rekening (force closed) dicoba instal ulang malah jadi gak bisa login awal, daftar ulang awal, malah kendala di checklist, gak bisa dichecklist dua duanya,balik lagi ke satu checklist, dichecklist kedua,balik ke satu check list lagi",4.0530066,BCA mobile,fa0ca972-9567-495d-9b22-415c77ce8447,X'Beam Auto,2025-08-20T17:13:57.008507,https://play-lh.googleusercontent.com/a-/ALV-UjXpFMmGYW2nCI50J-0naAZ2OB2FmS2ccLek7Z-PkNPjmd901qd8,2025-05-29T22:46:16,Keuangan,PT Bank Central Asia Tbk.,[object Object],2025-05-29 22:46:16,113,557329,4.6.6
5,com.bca,dah cocok dngn aplikasi ini..ringan cepat walau dikit ada gangguan wajarlh namany teknologi..Klo pake mybca itu terlalu berat dan pusing terlalu banyak fitur dan kadang ada Lag dan bug sering patah2 ...dah hampir 3 tahun pake ini aman2 saja,4.0530066,BCA mobile,d73651f1-a6de-40b6-b449-6f85efddcada,Muhammad Dinar Nugraha,2025-08-20T17:13:57.008512,https://play-lh.googleusercontent.com/a/ACg8ocJ8ZMpU1sogse2JDMOZFy6QPAJhZE06eEuQZPC6DKxO0QZ97g=mo,2025-06-08T02:33:32,Keuangan,PT Bank Central Asia Tbk.,[object Object],2025-06-08 02:33:32,207,557329,4.6.6
1,com.bca,tolong yang diperbaiki untuk numbpad saat ingin input pin sangat tidak responsif jadi sering salah saat input pin ketika ingin cepat jadi rentan salah saat mengetik pin dan beresiko terblokir. masalah ini sudah pernah disampaikan tapi sepertinya tidak diperbaiki juga.,4.0530066,BCA mobile,144ab124-c2da-42d1-aa5a-c2b1b4f15541,Mas Ryan Channel,2025-08-20T17:13:57.008517,https://play-lh.googleusercontent.com/a-/ALV-UjVmqGcp2CnvLXfJP9zUGGTJeNz2UkKlKL8ycl82JYW77bf5PZKt0g,2025-05-27T13:26:20,Keuangan,PT Bank Central Asia Tbk.,[object Object],2025-05-27 13:26:20,43,557329,4.6.6
1,com.bca,"klu lama tidak di update, passwrd login yg betul tetap di anggap error oleh apk, otomatis blokir klu sdh 3x, seharusnya log in dan auto update proses bersamaan..byk yg alami sama trouble nya tapi ngak ada kemajuan.",4.0530066,BCA mobile,9177b3e1-9fad-44e8-99ea-67bbe0f9e120,Hari,2025-08-20T17:13:57.008521,https://play-lh.googleusercontent.com/a/ACg8ocKUwNDsuvXweYXfmsh6TiQ1YDtaiIp-ppgmsPF2b2hlP21pZw=mo,2025-07-19T08:46:00,Keuangan,PT Bank Central Asia Tbk.,[object Object],2025-07-19 08:46:00,122,557329,4.6.8
1,com.bca,"Maaf ini versi terbaru (4.6.7) setelah sukses masuk aplikasi,pas mau cek saldo,knp ada verifikasi wajah/KTP data, di klik malah harus ke BCA terdekat! Buang2 waktu,udah era online msh aja diribetin ke Bank! No hp ga prnh ganti,tolong diperbaiki bukan mempersulit. Sudah lama saya pake ini BCA mobile,baru ini kecewa,setelah sblmnya jg prnh berat aplikasinya. Verifikasi awal SMS aja kena pulsa 2rbu, brp kali gagal sampe habis itu pulsa!",4.0530066,BCA mobile,6b5f7f36-9336-4e20-8794-574967b80a0b,Irzal Budiman,2025-08-20T17:13:57.008526,https://play-lh.googleusercontent.com/a-/ALV-UjUzCTAl9iSHjrvZ04hyFAe_H2PEbkdP3PY-bdgtZP9A5Aw1qpdQpA,2025-07-14T22:11:16,Keuangan,PT Bank Central Asia Tbk.,[object Object],2025-07-14 22:11:16,73,557329,4.6.7
1,com.bca,"Malam min, maaf sebelumnya ngasih bintang 1 karna setelah update bukannya nambah maju malah nambah buruk,Napa mbanking BCA saya ga dapet kode otp ketika login lagi?parahh sihh ini udah habis berapa ribu pulsa lohh min mohon untuk di bantu bahkan sampe ke blokir dan bingung harus gimana",4.0530066,BCA mobile,aced391c-81cb-48f1-a98a-59b7f2dd2700,Zaki dafansaa,2025-08-20T17:13:57.008531,https://play-lh.googleusercontent.com/a/ACg8ocJ39kWe-YXVigLmrTSu4RAMbe7yvH2r8vid-CM3bLnYLOk4bw=mo,2025-08-12T22:55:13,Keuangan,PT Bank Central Asia Tbk.,[object Object],2025-08-12 22:55:13,54,557329,4.6.9
2,com.bca,"Sangat nyaman dipakai, tapi pas pindah HP verifikasi wajah dan data diri gagal terus berulang kali, pulsa udah habis berapa, pakai telpon kantor suruhnke ATM, oke udah daftar m banking baru eh pas coba lagi masih gagal terus , ini salahnya gak dikasih tau, gak jelas dimana, padahal udah sesuai prosedur dan data benar",4.0530066,BCA mobile,e2e034cf-805f-4dcf-849e-86c831c74174,Irma Yanti,2025-08-20T17:13:57.008537,https://play-lh.googleusercontent.com/a/ACg8ocLMmzuZ54Pr23cG2F5KgkpZvKGfkTj3l-EBnYG0pb-z1ydHNg=mo,2025-08-02T14:19:35,Keuangan,PT Bank Central Asia Tbk.,[object Object],2025-08-02 14:19:35,9,557329,4.6.8
5,com.bca,BCA Mobile Apps yg sangat sempurna. meskipun penampilannya sederhana tapi tidak pernah ada masalah saat transaksi atau lain¬≤. harap terus mempertahankan seperti ini jangan di ubah lagi gk perlu di ubah¬≤ lagi dari BCA Mobile cukup mempertahan seperti ini sudah jauh lebih baiküëåüëåüëå,4.0530066,BCA mobile,16015ce1-a2ee-4608-96a7-4d6cf77df602,Nayip Bukele,2025-08-20T17:13:57.008542,https://play-lh.googleusercontent.com/a/ACg8ocJ7CFCmXPGN8Cfg6Z5V1PYCs-DQ5hf8QaaOUscg9m1z9gJwzA=mo,2025-08-12T07:15:32,Keuangan,PT Bank Central Asia Tbk.,[object Object],2025-08-12 07:15:32,18,557329,4.6.9
1,com.bca,"Tiba2 gk bisa cek saldo apalagi trf, ket nya harus registrasi di atm bca mana lokasi atm nya jauh 3 jam dari tmpt tinggal. Tidak ada solusi gini bca. sangat merugikan di saat butuh mau narik dan trf tidak bisa.",4.0530066,BCA mobile,f6ca7386-265b-4750-bec0-45617f678fa5,Endril Leah,2025-08-20T17:13:57.008547,https://play-lh.googleusercontent.com/a/ACg8ocLEAFzW5v0eicJihjdu8P0VTXTntAqfiIGw2X89wmwGGJ4mFg=mo,2025-07-31T14:38:07,Keuangan,PT Bank Central Asia Tbk.,[object Object],2025-07-31 14:38:07,11,557329,4.6.8
1,com.bca,"kenapa kalau mau bayar lewat qriss, apknya malah kembali ke awal dan dicoba kedua kalinya malah tiba-tiba keluar aplikasi? apakah memang ada error? tolong perbaiki jika memang error dari apk nya.",4.0530066,BCA mobile,369ef025-8ac8-41bf-8d26-8a25709a91a5,Assyarifah Maharani,2025-08-20T17:13:57.008551,https://play-lh.googleusercontent.com/a-/ALV-UjWVXm4k-dUIDnDWqhmEiFvXFSBBtP_aV-S9AdjhIwE4o_LeWkOK,2025-07-26T09:30:20,Keuangan,PT Bank Central Asia Tbk.,[object Object],2025-07-26 09:30:20,12,557329,4.6.7
4,com.bca,"bintangnya segini dulu deh. soalnya tampilan nya agak aneh gak kayak bank¬≤ lain ketika login langsung aja password atau pin atau pake fingerprint. gak banyak pilihan bca Mobile lah, klik BCA, info BCA. harusnya itumah adanya didalam setelah login üòê.",4.0530066,BCA mobile,d794412e-4a87-4700-b546-879a82c81150,Azizen Acst √àxs,2025-08-20T17:13:57.008556,https://play-lh.googleusercontent.com/a-/ALV-UjX7V7ui-KSeKONanmlX8GL8RIUpN2piAIXldMAFMAelBIrc4H4,2025-07-24T14:50:16,Keuangan,PT Bank Central Asia Tbk.,[object Object],2025-07-24 14:50:16,0,557329,4.6.7
1,com.bca,"knp sih skrg bca harus ada sim card di hp , giliran nomor nya di cabut ga dipake , ga bisa log in tolong dong dipermudah , meski nomor tidak dipakai yg penting sudah verifikasi,,, !! dulu gak ribet kaya gini skrg ribet bgt",4.0530066,BCA mobile,9d7f7c46-8ed7-488a-9afa-70814aa0289a,Diiaz 8786,2025-08-20T17:13:57.008562,https://play-lh.googleusercontent.com/a/ACg8ocJYwrzl5M1NLKFs4bkn31NcXgzJfyBTdJd6QxAHefxqo5Q_dKE=mo,2025-07-27T17:27:58,Keuangan,PT Bank Central Asia Tbk.,[object Object],2025-07-27 17:27:58,13,557329,4.6.8
1,com.bca,"Kecewa transaksi QRIS, info nya transaksi gagal tapi saldo berkurang dan tidak masuk ke rekening tujuan, entah nyangkut dimna duit nya, cek mutasi ada transaksi tersebut, di email tidak di respon, apa harus telepon kantor yg memakan pulsa sangat banyak? makin kesini makin bobrok",4.0530066,BCA mobile,79e9a4d9-e4b9-466f-8769-cf2790df54f5,Mohamad Tamsir,2025-08-20T17:13:57.008567,https://play-lh.googleusercontent.com/a/ACg8ocKRpNRH-B1JYePFkvyRmVOWF8hG8556cwWplKL4F8dWL8p1Wg=mo,2025-08-04T15:17:40,Keuangan,PT Bank Central Asia Tbk.,[object Object],2025-08-04 15:17:40,7,557329,4.6.8
2,com.bca,"setelah di updatae, malah makin susah jaringan nya , pake paket data malah lampu merah terus, pake wifi baru bisa, malah sbelum update bca mobile yg bagus dan lancar, mohon di perbaiki ,terima kasih",4.0530066,BCA mobile,c5e908e4-9c64-4b33-a802-7d7ce622d273,Rendi agustama,2025-08-20T17:13:57.008571,https://play-lh.googleusercontent.com/a-/ALV-UjUFKdvYvRVIuEwPKrDxC7fljZ0iTVl009INh031_lR_-i9NKvwy,2025-07-23T11:55:33,Keuangan,PT Bank Central Asia Tbk.,[object Object],2025-07-23 11:55:33,6,557329,4.6.8
1,com.bca,sialan gak ada sinyal indikator lampu muncul di hp ku setiap coba daftar di aplikasi ini selalu berhenti di menunggu lampu indikatornya hijau padahal di layar tidak keluar kotak lampunya sampek pulsa tekor mulu tolong bca aplikasinya di perbaiki lah tekor bandar ini sudah malah di bales tunggu lampu indikator berwarna hijau lagi developer ngeh gak sih saya bilang untuk lampunya itu tidak ada jadi apa yg di tunggu in,4.0530066,BCA mobile,526677e6-e613-4b16-8bd8-25e8dea18b97,Zxx Gamers official,2025-08-20T17:13:57.008576,https://play-lh.googleusercontent.com/a-/ALV-UjV4TuChzEFb-vv5Wjvr4XkYTYZagY2BixyqHs6FJXvALNIiU7dO,2025-08-03T00:57:56,Keuangan,PT Bank Central Asia Tbk.,[object Object],2025-08-03 00:57:56,6,557329,4.6.8
1,com.bca,"sim card tidak sengaja di keluarkan dan selanjutnya disuruh verifikasi ulang yg ribet. padahal nomor yg digunakan masih sama, hp sy terkena air dan sim card nya sy keluarkan beberapa saat. eh m banking nya di suruh verifikasi ulang, lama, ribet",4.0530066,BCA mobile,3af71078-a8b4-4b96-a48f-71530f7b65e5,ktstrf _x01,2025-08-20T17:13:57.008581,https://play-lh.googleusercontent.com/a-/ALV-UjXEf1iSyCd2eDVtft1ppz1j-UZ5KVbmQXKiTmqtQ-DpspCktLFq,2025-07-30T16:42:47,Keuangan,PT Bank Central Asia Tbk.,[object Object],2025-07-30 16:42:47,6,557329,4.6.8
3,com.bca,mohon diperhatikan buat mobile banking aplikasi update terbaru pakai otp yang dikirim ke SMS sudah beberapa kali dan pulsa terpotong tapi tidak masuk juga kode otp nya. saran saya kode otp bisa ditingkatkan pakai WhatsApp seperti yang lainnya.,4.0530066,BCA mobile,93843f59-8a50-4c8f-a5f8-4c84c1efbeac,Sari Pratiwi,2025-08-20T17:13:57.008586,https://play-lh.googleusercontent.com/a-/ALV-UjVpNcghTs9Ps_dgC3LNX5WZfeq--gZS5paZMGMQY1HKjrXIHPw,2025-07-26T09:37:50,Keuangan,PT Bank Central Asia Tbk.,[object Object],2025-07-26 09:37:50,3,557329,4.6.8
3,com.bca,"M BCA bobile,setiap ganti hp selalu ga bisa d buka harus aktivasi terus,padahal pulsa sudah habis 80rb untuk aktivasi,tapi masih ga bisa d gunakan, tolong d perbaiki lagi aplikasi ini,jangan selalu merepotkan penggunanya,trimakasih.",4.0530066,BCA mobile,3d7a0fcd-cdfb-4f36-a2d0-85ea405d9404,Marwan Munah,2025-08-20T17:13:57.008591,https://play-lh.googleusercontent.com/a-/ALV-UjUhSGcnMhVys_bMBslRRhp9LotaMj1mtzzJ4u3UelcHVhw1Fj7Q,2025-08-02T16:09:22,Keuangan,PT Bank Central Asia Tbk.,[object Object],2025-08-02 16:09:22,0,557329,4.6.8
5,com.bca,"pagii, sorry saya mau tanya, knaapa dalam beberapa hari ini pilihan menu Scan QR Code/Qris saya tidak berfungsi dengan baik yaa, selalu loading tidak muncul halaman untuk scan? saya kira karna belum update apps nya tapi setelah saya cek gplaystore tidak ada perintah update, mohon bantuannya, terima kasih",4.0530066,BCA mobile,1261729b-e55c-4578-a92b-35877295a6a7,FERRY ANGGORO,2025-08-20T17:13:57.008595,https://play-lh.googleusercontent.com/a-/ALV-UjVNJLgeXNjak3Pvunk5tiQr4swVQplM7u67T92y6MUVLFeK7ux4,2025-08-01T06:59:09,Keuangan,PT Bank Central Asia Tbk.,[object Object],2025-08-01 06:59:09,20,557329,4.6.8
3,com.bca,"sebelumnya seneng bgt krn satset pake qris m-bca...tpi akhir¬≤ ini sering eror...pembayaran via Qris sll gagal tapi saldo tetap terpotong...dan ketika mengajukan keluhan melalui hallo bca via WhatsApp sll tidak ada tanggapan atau dalam antrean yg panjang...pusing ihhh,eta geh saldo kepotongnya lumayan dan udah beberapa kali bukan 1 atau 2 kali doang. mohon kerjasamanya untuk perbaikan kedepannya min...",4.0530066,BCA mobile,47b69809-82d4-41b4-b1b2-a905f7336c30,Niken Ayu Cantika,2025-08-20T17:13:57.008600,https://play-lh.googleusercontent.com/a-/ALV-UjVzEXsbtbg4ARX-zVQHMHD6edIELIFMWUunDK3MVuT513Jp7kTpkA,2025-08-04T14:03:57,Keuangan,PT Bank Central Asia Tbk.,[object Object],2025-08-04 14:03:57,0,557329,4.6.8
1,com.bca,"baru kali ini kecewa, biasa cardless tarik tunai aman aja. ini sampai mesin atm harus memasukkan 2-3 kali nomer hape, sudah saya masukkan sampai ngetik pelan pelan alhasil gabisa transaksi karna kode transaksi sudah dipakai berkali kali! jadi 2x kerja, posisi hape saya tinggal karna lobet jadi hape ga saya bawa namun kode saya catat. saya bolak balik bisa 3x dan sama aja, NGEREPOTIN! terima kasih sudah membuang waktu saya yang sebenernya bisa saya luangkan untuk keluarga. fu.",4.0530066,BCA mobile,05681a18-7596-45cd-b27f-dab2d1e9a605,derari razan,2025-08-20T17:13:57.008605,https://play-lh.googleusercontent.com/a/ACg8ocLlNQZ5Ztr5WnIOfIO-0oJ7iTuRn17W6tSNNaEesdYufS1xTg=mo,2025-07-25T10:39:16,Keuangan,PT Bank Central Asia Tbk.,[object Object],2025-07-25 10:39:16,4,557329,4.6.8
3,com.bca,"sudah login, tapi kenapa pas setiap kali mau masuk menu life style logout terus? walaupun lampu sdh hijau. tolong it nya di cek terus dong,.. perbaiki.",4.0530066,BCA mobile,d62b3ed7-8a9a-4d00-bef9-36cd88a62e31,Muhammad Yusuf,2025-08-20T17:13:57.008611,https://play-lh.googleusercontent.com/a-/ALV-UjVoWOsgmM3XhWTAgs5P7gTBG42kK8jpmjT8eHi-F1YjCoB8l8s,2025-07-29T15:43:09,Keuangan,PT Bank Central Asia Tbk.,[object Object],2025-07-29 15:43:09,0,557329,4.6.8
2,com.bca,"aku beralih ke hp satunya untuk memggunakan software ini.tapi menu M-BCA gak bisa centrang keduanya.bisa cm satu ,sehingga tombol lanjut gak bisa di klik.gituuuuu terus..parah ..paraaaah.",4.0530066,BCA mobile,b0a558d2-794c-4607-a57c-452de8001a8a,watashi vicka,2025-08-20T17:13:57.008616,https://play-lh.googleusercontent.com/a-/ALV-UjXvPM98J0UKtal4Bsr0cDlqmuSni3VAFO71T34ujlOCbLm5tM8M,2025-07-22T16:33:24,Keuangan,PT Bank Central Asia Tbk.,[object Object],2025-07-22 16:33:24,3,557329,4.6.8
1,com.bca,"kenapa selalu gagal dalam memverifikasi wajah dan KTP-el saya, padahal data semua saya rasa sudah benar, juga pengambilan poto ditempat yang terang. tolooooong, kalau sudah bisa/berhasil, baru daya kasih bintang 5.",4.0530066,BCA mobile,e6b9f4e2-d41e-496a-ab0b-a897dc31773c,amkha1302,2025-08-20T17:13:57.008621,https://play-lh.googleusercontent.com/a-/ALV-UjUQSR6vERQcYp6sW4l1EyebVv3L4uC31o0q_nDj8Pp8wd57eyir,2025-07-29T17:16:24,Keuangan,PT Bank Central Asia Tbk.,[object Object],2025-07-29 17:16:24,4,557329,4.6.8
1,com.bca,"saya bayar pake qris bca 95ribu saldo udah kepotong tapi belum masuk disananya di mutasi rekening ada di inbox qr kok tidak ada gimana ini, hilang dah uangnya kok rawan begini mohon penjelasannya saya sudah rugi dan kembalikan uang saya.",4.0530066,BCA mobile,2baac601-f3c6-4904-bf00-e5e4eef0b9c8,Sambrul Van,2025-08-20T17:13:57.008627,https://play-lh.googleusercontent.com/a/ACg8ocJb-Uyi1Ou2RBjSmMudwlwqpne1RseFgGIwj90fHGsH5Nsa7Q=mo,2025-07-27T00:59:23,Keuangan,PT Bank Central Asia Tbk.,[object Object],2025-07-27 00:59:23,3,557329,4.6.8
4,com.bca,"kok sekarang jadi banyak iklannya ya, tiap saya masuk, pasti ada iklan hati2 penipuan yg klo gk di tutup itu bklan ada terus mau udh keluar trus masuk lgi pun sama aja, please bnget bca jgn ada begituan lgi, saya jdi makin was was jdinya",4.0530066,BCA mobile,4da198c8-ca70-4768-a877-98918cc5b345,Balqis Keyland A,2025-08-20T17:13:57.008631,https://play-lh.googleusercontent.com/a/ACg8ocIMwW6MFmgKw4y2UTS40pA7P7PrN0ZZbiVNl0wsR72xEEbVffA=mo,2025-07-28T22:19:37,Keuangan,PT Bank Central Asia Tbk.,[object Object],2025-07-28 22:19:37,0,557329,4.6.8
1,com.bca,"Akhir¬≤ ini Uang saya sering tiba¬≤ hilang padahal saya tidak melakukan transaksi apapun, Tolong untuk cepat di tanggulangi karna bukan hanya saya tetapi beberapa orang yang saya tanyakan juga mengalami hal yang samaüôèüèª",4.0530066,BCA mobile,75b6ac54-57c1-49f5-8b63-5eb32355f757,Nurilatfiani Nafiaa,2025-08-20T17:13:57.008637,https://play-lh.googleusercontent.com/a/ACg8ocJx2D6fKTfXUxYplWHZFbWEyylw2W1Pv9jJ3FseQcLQ3rlIpg=mo,2025-07-19T15:40:30,Keuangan,PT Bank Central Asia Tbk.,[object Object],2025-07-19 15:40:30,3,557329,4.6.8
5,com.bca,"saya ganti hp tapi saat ingin log in sulit sekali dapat kode OTP , udah di coba berkali"" kirim ulang kode OTP tetap tidak ada kode otp nya , saya sudah beli pulsa tetap tidak ada kode nya ribet banget dah pake kode otp sms",4.0530066,BCA mobile,3235bbfa-47fe-42e8-9ce6-a6b62227c16f,hendri prasetia,2025-08-20T17:13:57.008642,https://play-lh.googleusercontent.com/a-/ALV-UjX_f-BHeDho_4lh8taTDaaw-SDHQx4QgIAzCbNAscrQCmM_2KxV,2025-07-25T20:22:33,Keuangan,PT Bank Central Asia Tbk.,[object Object],2025-07-25 20:22:33,1,557329,4.6.8
1,com.bca,"ngirim kode otp aja susahnya minta ampun. Pulsa masih aman, bahkan sampai habis tapi masih belum bisa. Dan sudah saya pastikan tidak menggunakan WiFi dan kartu berada di slot sim 1",4.0530066,BCA mobile,257addf3-0790-4cab-90af-60b378057d66,Yusuf Fauzi,2025-08-20T17:13:57.008647,https://play-lh.googleusercontent.com/a-/ALV-UjXDovbVT4zWK96gK6uTI2EEu8fpVA7FyXvjMt3cHw4bmJgYHemh,2025-08-04T09:07:50,Keuangan,PT Bank Central Asia Tbk.,[object Object],2025-08-04 09:07:50,2,557329,4.6.8
1,com.bca,"sangat kecewa sekali üò°üò°üò° saldo masuk 170rb yg nongol info saldo cuma 120rb yg 50rb tidak ada keterangan apa2. kedua kalinya sama.,saldo masuk 135rb yg nongol cuma 120rb yg 20rb tidak ada keterangan, patah payah",4.0530066,BCA mobile,0b73279a-16a5-4e9a-a8d4-da0baabdc1fa,Joko Susilo,2025-08-20T17:13:57.008652,https://play-lh.googleusercontent.com/a-/ALV-UjXPCCNmeCVdztnlFADS5UXgMvaj0YDK0Z7fcM2Wm2Xt4X9NJT7P,2025-08-05T15:20:51,Keuangan,PT Bank Central Asia Tbk.,[object Object],2025-08-05 15:20:51,4,557329,4.6.8
3,com.bca,"Mau pindah bca mobile dari hp lama ke baru susahnya minta ampun, udah dipastikan data sesuai, dicek berkali-kali masih aja verifikasi data gagal ada data yg gak sesuai",4.0530066,BCA mobile,906ae7a2-55f7-4deb-b8b3-9b7442653a84,Riski Saputra,2025-08-20T17:13:57.008658,https://play-lh.googleusercontent.com/a-/ALV-UjUbDdieQkSbsSBHnGPkhZGukt-gY1OqLfLJqx16XHubMvk6x_Xa,2025-07-21T09:30:38,Keuangan,PT Bank Central Asia Tbk.,[object Object],2025-07-21 09:30:38,1,557329,4.6.8
1,com.bca,"tolong di permudakan untuk login, karena saya login udh kirim sms trs di suruh msukin kode sms lgi ini gimn to jdi apa"" ngabisin pulsa bukan nya saya perhitungan , jdi mudahkan lah nasabah untuk login dipermudah",4.0530066,BCA mobile,e02d01f4-d7a2-4d95-a2a0-fd69b826857a,Sugeng triyanto,2025-08-20T17:13:57.008669,https://play-lh.googleusercontent.com/a/ACg8ocI0KDlCmHgol9redH4PmLmQQeb3MYwssrtvolYag1XNQZxxNQ=mo,2025-07-23T01:28:36,Keuangan,PT Bank Central Asia Tbk.,[object Object],2025-07-23 01:28:36,6,557329,4.6.8
2,com.bca,"koneksi bagus, tapi kenapa kode otp tidak dapat sama sekali ya? setelah instal ulang malah skg regis malah stuck di verification proccess in progresss ya?",4.0530066,BCA mobile,8a25cb9b-a895-4dc6-83a7-03286786d6d4,Hendry Liu,2025-08-20T17:13:57.008674,https://play-lh.googleusercontent.com/a-/ALV-UjXv6nj5LlmvDAMLgwn3kPhzv_ZgivjnBCio3ZyA19-FxrsVIDU,2025-07-19T08:11:55,Keuangan,PT Bank Central Asia Tbk.,[object Object],2025-07-19 08:11:55,3,557329,4.6.8
1,com.bca,"verifikasi wajah gagal terus. signal,kamera juga sudah bagus bahkan pencahayaan dari sinar matahari, dan lampu juga sudah cukup bagus, tapi tetap saja gagal.",4.0530066,BCA mobile,f6cbc57a-650e-4d9c-b2b4-872e9595022a,luthfi alfiandi,2025-08-20T17:13:57.008680,https://play-lh.googleusercontent.com/a/ACg8ocJjCMe0Ov9i1FZYOKLzrUrmQm7v9UR4ovyXeoyGTKXkGedIyA=mo,2025-08-04T16:34:49,Keuangan,PT Bank Central Asia Tbk.,[object Object],2025-08-04 16:34:49,3,557329,4.6.8
3,com.bca,"kok tambah repot ya, ngaktifkan mbangking susah amat, di buat foto wajah gagal terus padahal lampu sudah terang.. tolong di Perbaiki ya, biar gampang aktif kan mbangkingnya..",4.0530066,BCA mobile,15abe21a-2aac-49ba-a5ad-0821f4122cb7,Yasfiroh Ainiah,2025-08-20T17:13:57.008687,https://play-lh.googleusercontent.com/a/ACg8ocLonlfOQj7_O6hmBYUqdO5cBHPZpI0tpF-pe8bBcTPnMmt95g=mo,2025-07-30T11:46:28,Keuangan,PT Bank Central Asia Tbk.,[object Object],2025-07-30 11:46:28,0,557329,4.6.8
3,com.bca,Repot bgt ya skrg ga di pake transaksi beberapa hari begitu mau di pake harus verifikasi ulang. Begitu aja terus sampe bosen.. BCA mohon perbaikannya. Terima Kasih,4.0530066,BCA mobile,ff5a845b-a16e-468a-b3ab-4987c397146a,Yuna Sri,2025-08-20T17:13:57.008693,https://play-lh.googleusercontent.com/a/ACg8ocIycBFSmZa32jHOPDGg1aaaYCmfCxcLIuAFzOvIciwluX2TEw=mo,2025-07-20T19:57:30,Keuangan,PT Bank Central Asia Tbk.,[object Object],2025-07-20 19:57:30,0,557329,4.6.8
2,com.bca,"saya niatnya mau buat rekening baru via online di bca,soalnya dari kerjaan sistemnya harus dikirim pake bca sistem gajinya,tapi pas sampe tahap vc,malah gaada respon,padahal jaringan bagus,tapi kenapa ga diangkat¬≤ juga sama cs nya,padahal udah bolak balik ngehubungin di jam yg berbeda,gimana dong ini",4.0530066,BCA mobile,a054690e-67ec-4437-96d1-e6c018c3eed4,Suzy Vy,2025-08-20T17:13:57.008698,https://play-lh.googleusercontent.com/a-/ALV-UjV3Vl54ZAD8At92VeTiMQFzStWbI7dQaTLjXe76lNi-8CLm91CH,2025-08-04T11:06:35,Keuangan,PT Bank Central Asia Tbk.,[object Object],2025-08-04 11:06:35,1,557329,4.6.8
1,com.bca,"transaksi sudah berhasil saldo sudah terpotong namun di akun tijuan ga ada masuk,memang transaksi tidak seberapa,kalo sekiranya lagi pembaharuan sistem mohon di matikan login semua jangan ada transaksi",4.0530066,BCA mobile,11220d9b-1789-47ca-8620-e6cfce395208,Dani Permana129,2025-08-20T17:13:57.008703,https://play-lh.googleusercontent.com/a/ACg8ocKCjIxpfufw7AaYaQKobMBdw_zVi1-MFgEKdf2WBc386EHxNg=mo,2025-07-22T02:54:02,Keuangan,PT Bank Central Asia Tbk.,[object Object],2025-07-22 02:54:02,4,557329,4.6.8
1,com.bca,"andaikan verifikasi bisa lebih dimudahkan, saya akan sangat senang dengan apl ini.. by nomer hp dan email pun masih belum bisa terverifikasi.. satu kata menyusahkan.",4.0530066,BCA mobile,93fceb68-ab95-4245-93d7-57d9192a79e9,BASANU 9 TV,2025-08-20T17:13:57.008708,https://play-lh.googleusercontent.com/a-/ALV-UjUOdm_83xFIGtA-XvGWifabszRhIkW0M8T80CnmGs0QJchjcIt5,2025-07-25T09:04:28,Keuangan,PT Bank Central Asia Tbk.,[object Object],2025-07-25 09:04:28,3,557329,4.6.8
1,com.bca,"mutasi rekening tidak bisa di lihat lebih dari 1 bulan ,buat dong mutasi rekening bisa di akses meskipun lebih dari sebulan atau lebih dari setahun dan bosa do download by PDF, seperti aplikasi bank sebelah",4.0530066,BCA mobile,28cdd1a6-dcb7-4dfe-9c83-4fe4f71b33df,madhil andrean,2025-08-20T17:13:57.008713,https://play-lh.googleusercontent.com/a-/ALV-UjWjNOjqwYkdZUklZfl0ZVH8y-JyUYQf_VJ6OTQSODT_W9vhJyo,2025-07-20T12:10:34,Keuangan,PT Bank Central Asia Tbk.,[object Object],2025-07-20 12:10:34,2,557329,4.6.8
2,com.bca,"‚ÄúProgram itu dibuat untuk saling melengkapi, bukan untuk meniadakan fungsi. Kalau saya yang menciptakan program, sudah pasti saya bikin mudah dengan cara menghilangkan bahasa Indonesia diubah ke bahasa China, dan setiap klik harus selfi karena motonya [bila ada yang susah kenapa cari yang mudah].‚Äù",4.0530066,BCA mobile,e6022ce3-dc11-4843-9361-61f3fce197ae,Atlantis Nusantara,2025-08-20T17:13:57.008718,https://play-lh.googleusercontent.com/a-/ALV-UjVVQDjrhK70xodKTEFMbAPENRItf0N6dCcmdOyplYuh55lusE9i,2025-06-11T07:39:33,Keuangan,PT Bank Central Asia Tbk.,[object Object],2025-06-11 07:39:33,4,557329,4.6.6
1,com.bca,"habis update kok malah gabisa dipake gimana ini! lampu indikator warnanya merah terus, sebelum update lancar¬≤ aja habis update malah buruk aplikasinya bener¬≤ merugikan saya!",4.0530066,BCA mobile,2e05dfbf-8155-494c-8a0d-ad7e8e3cda29,Bimantara,2025-08-20T17:13:57.008723,https://play-lh.googleusercontent.com/a/ACg8ocIem0iiTeB4piDWj54JlPtDO3RU95yX9AUkNC1DEzTJQ7U2YA=mo,2025-08-06T20:26:20,Keuangan,PT Bank Central Asia Tbk.,[object Object],2025-08-06 20:26:20,14,557329,4.6.9
5,com.bca,"Sebelumnya aplikasi lama tidak saya pakai untuk transaksi, saat butuh, masukin pin 3x salah, padahal saya memasukkan dengan hati-hati plus saya tidak pernah ganti pin, ditambah CS by phone yang pelayanan buruk dengan melakukan tebak-tebakan prihal KCP kartu debit, tapi sangat tertolong oleh pelayanan satpam yang ramah, tanggap dan cepat. tidak sampai 5 menit, mbanking sudah buka blokir dan bisa dipakai kembali. Bintang 5 buat satpamnya",4.0530066,BCA mobile,37226f0e-d16a-43b4-9d4b-72a91fd0f853,Yosia Vemi,2025-08-20T17:13:57.008728,https://play-lh.googleusercontent.com/a-/ALV-UjW67xpgoWxC6TMzueaxf7Kn82r6-5VGl2B7j7fNbg-1yqBOISWG,2025-07-15T16:26:24,Keuangan,PT Bank Central Asia Tbk.,[object Object],2025-07-15 16:26:24,101,557329,4.6.7
1,com.bca,"2 juni 2025, habis update malah ngatur2 ""matikan aksesibilitas"".. sudah dimatikan masih muncul error yg sama, ribet kyk aplikasi seabank ngatur2 pengguna. Kembalikan apk kyk dulu enak ga ribet + ga berat lemot di hape",4.0530066,BCA mobile,12eb624a-1703-429e-9fb0-c6d898846638,Andika Sevenfold,2025-08-20T17:13:57.008733,https://play-lh.googleusercontent.com/a-/ALV-UjW0gBIBZkYG-JZp9ZTgGXvRMCc5kOJ4I1h9lyni--U5lXnZAO2U,2025-06-02T09:04:50,Keuangan,PT Bank Central Asia Tbk.,[object Object],2025-06-02 09:04:50,14,557329,4.6.6
3,com.bca,"kenapa gak bisa akses menggunakan wifi? padahal sebelumnya bisa, dan gak ada masalah. makin kesini malah gak bisa masekali pake wifi. padahal wifi koneksi baik sekali, app lainnya lancar aja hanya bca mobile yang gak bisa.",4.0530066,BCA mobile,ae5df8c8-71b3-4eb0-b898-245a99d7d65f,Rina Setyana,2025-08-20T17:13:57.008737,https://play-lh.googleusercontent.com/a/ACg8ocL03UKs0Qxh9c25oklhhjl6f_4vPaGpl7M5shhruP5jR2481Q=mo,2025-07-08T13:11:36,Keuangan,PT Bank Central Asia Tbk.,[object Object],2025-07-08 13:11:36,2,557329,4.6.7
1,com.bca,"Tidak ada spesifikasi waktu di mutasi rekening BCA, hanya ada tanggal. sangat merepotkan ketika banyak pelanggan melakukan transfer tp kita tidak bisa mencocokkan waktunya. tolong layanannya di perbaiki lagi, demi kenyamanan bertransaksi.",4.0530066,BCA mobile,91991c5d-3c6c-45eb-947e-999556f17bff,Juanz Mabirink,2025-08-20T17:13:57.008742,https://play-lh.googleusercontent.com/a-/ALV-UjVS4eJgcsN-3ros4XCaSB_bYZXFkWmcJCio2Bc_P-h2S8kTchUN,2025-06-25T11:42:08,Keuangan,PT Bank Central Asia Tbk.,[object Object],2025-06-25 11:42:08,47,557329,4.6.7
1,com.bca,"Pengalaman buruk setelah sekian lama pke mbaking BCA,dari dulu ganti2 hp ga ada masalah, login tinggal login skrg malah stak di sms doang,Ampe ngabisin pulsa diulang2,nanya ke hallo BCA ga ada solusi cm suruh restart hp",4.0530066,BCA mobile,14a4eb73-bc57-48a6-b66d-48de2eba00d6,bie 32,2025-08-20T17:13:57.008748,https://play-lh.googleusercontent.com/a-/ALV-UjVQZ636pj94F7AkEPVz5CAWH51RjaS4FA2wN5lmDEGzDqPC6T3M,2025-07-20T21:10:32,Keuangan,PT Bank Central Asia Tbk.,[object Object],2025-07-20 21:10:32,2,557329,4.6.8
1,com.bca,update malah ga bisa pake..merah terus pojok kanan atas. signal pdhl bagus. tiap jam 10 pe jam 12 sdh semingu ini error..jd menghambat transaksi saja.,4.0530066,BCA mobile,0902df75-0071-4cd8-aa56-773932cecf0d,Sakri Fajari,2025-08-20T17:13:57.008753,https://play-lh.googleusercontent.com/a/ACg8ocKDJInkH36tfJp9-vTMqNhKxvPams42eX5046tsOmsouRkjimqA=mo,2025-08-05T10:53:52,Keuangan,PT Bank Central Asia Tbk.,[object Object],2025-08-05 10:53:52,12,557329,4.6.9
1,com.bca,"kenapa mau transfer sesama bank tidak bisa, sudah coba bolak balik tetap gk bisa padahal sinyal bagus dan jaringan wifi bagus, munjul nya tidak ada internet. tolong di perbaiki sistem nya karena sangat menyusahkan pengguna",4.0530066,BCA mobile,be156555-8aca-466b-8bbf-291a2f09920d,Febryan Septa,2025-08-20T17:13:57.008758,https://play-lh.googleusercontent.com/a/ACg8ocIsCqVMlQhdFsCXPUwKv-CZA6Ff0a9dR9MrXN9TLWvrl7-6xQ=mo,2025-06-13T14:24:21,Keuangan,PT Bank Central Asia Tbk.,[object Object],2025-06-13 14:24:21,45,557329,4.6.6
2,com.bca,"Susah mau aktifkan nya.. setiap di coba gagal.. silakan coba lgi besok ü§î hari ini sudah di coba lgi, tapi masih gagal untuk verifikasi data dan wajah.. monoh di perbaiki üôèüèª",4.0530066,BCA mobile,5afd8663-dc98-44e3-a13b-ba871a0ffc94,Widia,2025-08-20T17:13:57.008763,https://play-lh.googleusercontent.com/a-/ALV-UjUkQ7jFIqxRePs5kd-58sZvnWuryFq9OtYwrqUHtqTB-p6ggsxb,2025-07-26T07:29:35,Keuangan,PT Bank Central Asia Tbk.,[object Object],2025-07-26 07:29:35,0,557329,4.6.8
1,com.bca,"setelah update bukannya tambah bagus malah error dan nomor hp yang di gunakan malah di bilang tidak valid, padahal nomor yang di gunakan sudah benar.",4.0530066,BCA mobile,907c3bc8-31b7-4fa5-aa72-fdc1d51bdcfa,Muhamad Khoirul Anwar,2025-08-20T17:13:57.008768,https://play-lh.googleusercontent.com/a-/ALV-UjW-wB3DMqnTVPldOBNeCcXvX99RjO1Mq4-HeaWoD8pQC1O53KokAw,2025-07-31T13:49:07,Keuangan,PT Bank Central Asia Tbk.,[object Object],2025-07-31 13:49:07,3,557329,4.6.8
4,com.bca,"ini untuk Qris kenapa suka lama banget nampilin scaningnya ya? kadang gak keluar sama skali buat ke tampilan scan/loading terus aja, ini bug atau apa? bank sebelah lancar"" aja digunakan di waktu yg sama dan di hp yang sama. ini harus di clear cache terus untuk bisa keluar QR scaningnya, coba diperbaiki",4.0530066,BCA mobile,26418cd7-96f4-47cd-a5e8-40942349369f,Neo Setiawan,2025-08-20T17:13:57.008776,https://play-lh.googleusercontent.com/a-/ALV-UjUBa74Y0OEI0yVnNpHgeUCBu_eA2tM_inj03720q40bjsvposc,2025-06-30T10:29:06,Keuangan,PT Bank Central Asia Tbk.,[object Object],2025-06-30 10:29:06,3,557329,4.6.7
2,com.bca,"kecewa saat melakukan verifikasi data diri, padahal sudah memasukkan data dengan BENAR sampai 3 kali, namun justru terblokir oleh sistem nya, saya harap minta diperbaiki lagi kinerja sistemnya agar lebih dipermudah bagi para pengguna semua agar ini tidak terjadi lagi üôèüôè",4.0530066,BCA mobile,03d7c5ad-cae2-4576-957a-395818b3af5f,Ridwan Maulana,2025-08-20T17:13:57.008782,https://play-lh.googleusercontent.com/a-/ALV-UjWkJyjFg4XgqMADKHyGo9mp8YbziYUmYFeyCpy8mz_j0LtcBxiu,2025-06-28T16:53:36,Keuangan,PT Bank Central Asia Tbk.,[object Object],2025-06-28 16:53:36,2,557329,4.6.7
1,com.bca,"aplikasi tolol masak sudah berkali kali daftar Masih aja gak bisa membuat mbanking nya ,selalu aja di akhirat saat tinggal mengkonfirmasi nomor ATM nya ,harus nunggu indikator hijau dulu tapi gak hijau hijau,ditunggu lama malah balik ke tampilan utama di aplikasi, pulsa sudah habis banyak gak bisa bisa tolol sekali yang buat ini,jadi bagaimana agar bisa mendaftar nya ini admin tolong di permudah kalau seperti ini terus mending pindah bank aja gak nyusahin",4.0530066,BCA mobile,28729b70-309b-4e31-9f0f-968677fe30ba,daftar terbaru,2025-08-20T17:13:57.008787,https://play-lh.googleusercontent.com/a/ACg8ocLFld7MnNIMf5TjLWj4Pv6W-ps8Y8m7EKyD__Chz8mQTR1PYg=mo,2025-06-04T07:12:17,Keuangan,PT Bank Central Asia Tbk.,[object Object],2025-06-04 07:12:17,3,557329,4.6.6
1,com.bca,"aktivasi dari aplikasi yang sangat menguras emosi berkali"" di coba tetap koneksi terputus,padahal mengunakan jaringan seluler bukan wifi,,sampe beli pulsa berkali"" üò≠üò≠üò≠",4.0530066,BCA mobile,83d193bd-a808-4025-b14d-35c4cb43046b,Hari paecong,2025-08-20T17:13:57.008792,https://play-lh.googleusercontent.com/a-/ALV-UjWnO0xrimLNXZJvKniK2UFB_hc4l-KC8i1AxGTfUmQpj-cFxv8,2025-06-02T11:17:22,Keuangan,PT Bank Central Asia Tbk.,[object Object],2025-06-02 11:17:22,3,557329,4.6.6
3,com.bca,"kok setiap update selalu ada kurangnya, sekarang jaringan sudah normal wifi lancar malah aplikasi detectnya g ada jaringan.. Tolong sebelum diluncurkan update mending ditest kelancarannya dulu",4.0530066,BCA mobile,d7904369-0d04-4c99-a913-6b032918141e,Kasir Tsp pandaan,2025-08-20T17:13:57.008797,https://play-lh.googleusercontent.com/a/ACg8ocI8nWH_RlDK_tWnX-Bb8KbTYNvktUX6hi6Piu0XL24WGqOv8A=mo,2025-06-18T10:28:11,Keuangan,PT Bank Central Asia Tbk.,[object Object],2025-06-18 10:28:11,4,557329,4.6.6
1,com.bca,"Habis di update malah tdk bisa masuk sama sekali, di kolom persetujuan tidak muncul tulisan blok biru ""SETUJU"" Jadi tdk bisa masuk....bagaimana ini solusinya",4.0530066,BCA mobile,520df658-07b6-4a59-a3ee-bccfa74b4721,Vtroh Ndhie,2025-08-20T17:13:57.008802,https://play-lh.googleusercontent.com/a/ACg8ocKJTYvoKkLV4h9w0kHlckTX8DhqDVZMuk8ADQ6S2UQR2jjPCQ=mo,2025-06-06T08:21:55,Keuangan,PT Bank Central Asia Tbk.,[object Object],2025-06-06 08:21:55,3,557329,4.6.6
1,com.bca,"Saya kasih bintang 1.. soalnya kalo mlam susah transaksi perbaikan nya terlalu lama.. padahal sudah bagus bca.. klo perbaikan gak ush malam"" mending pagi.. karna mlam transaksi mobile yg di butuhkan.. klo pagi sampe sore silahkan asal jngn malam.. bca tolol perbaikan sih malam malam goblog",4.0530066,BCA mobile,35284d6a-7dd6-4f5d-a8b4-e1edda1a55a9,kurang piknik,2025-08-20T17:13:57.008807,https://play-lh.googleusercontent.com/a/ACg8ocKMc54McsjXpLxvgwyIQ2wD6Rw28eb7yc_ne_3-Qr0EgRRekw=mo,2025-06-15T00:25:04,Keuangan,PT Bank Central Asia Tbk.,[object Object],2025-06-15 00:25:04,2,557329,4.6.6
1,com.bca,"Saran, beri kemudahan nasabah untuk migrasi ke mybca via inapp, karena bca mobile bener-bener sering bikin emosi. gagal login, maksa verif ulang, dan hari ini server error. nanti saya ganti bila sudah oke.",4.0530066,BCA mobile,17ae78c3-3b04-4e8a-9f1c-f468d8ca35cd,Mujiarso Mujiarso,2025-08-20T17:13:57.008811,https://play-lh.googleusercontent.com/a/ACg8ocJIOzNfHx4k7r2XmcZUbfK-kQCCgvhpQQPDhXQ3CLQdmXiAFg=mo,2025-05-24T09:57:44,Keuangan,PT Bank Central Asia Tbk.,[object Object],2025-05-24 09:57:44,3,557329,4.6.6
1,com.bca,"Mau TF jah susah bner sdah brp kali gagal hadeh,, Pemberitahuan BCA Mobile Mohon maaf system saat ini TDK dapat di gunakan mohon tunggu untuk beberapa saat lagi gw dah nungguin hampir 1jam setengah pas gw coba kembali masih sama jah gak bisa juga jawabannya pun sama tolong segera di perbaiki secepatnya terima kasih..Maaf saya cuman bisa kasih bintang 1 karena pemberitahuan BCA Mobile TDK sesuai dgn kenyataan, ini BCA knp lagi mulai kumat mau TF jah susah bnget harap tolong di perbaiki secepatnya",4.0530066,BCA mobile,9710c79d-7069-4a42-b6a0-97d5d21f4188,Anjar Anugrah,2025-08-20T17:13:57.008816,https://play-lh.googleusercontent.com/a-/ALV-UjVMiNUMcWL9bs4ufxw8OqUTLf_QDN4iQKUY6Krhil9hhYyRJkE,2025-06-12T01:46:03,Keuangan,PT Bank Central Asia Tbk.,[object Object],2025-06-12 01:46:03,3,557329,4.6.6
2,com.bca,"Kenapa setiap transaksi atau narik uang selalu aja ada kendala,harus masukin password berkali-kali sampe transaksi atau narik uang berhasil,apa ini bug apk?,atau harus ganti mybca?. Sudah di titik jengkel saya setiap mau narik harus ngulang¬≤ password terus.",4.0530066,BCA mobile,bda5af19-f741-4738-a311-1e1b91d54005,M. Yusuf,2025-08-20T17:13:57.008821,https://play-lh.googleusercontent.com/a-/ALV-UjWr7y2FMUYIT1dMhW-nt6CCilHOhasIWbcT28uZEEYfuSamgSQ,2025-06-15T10:07:54,Keuangan,PT Bank Central Asia Tbk.,[object Object],2025-06-15 10:07:54,0,557329,4.6.6
2,com.bca,"bayar pake qris sering gagal, tapi uangnya udah masuk, padahal notifnya bilang gagal, alhasil bayar 2 kali, rugiiii, benerin dulu itu sistemnya, jaringan lancar jaya masa masalah, udah kejadian beberapa kali ini",4.0530066,BCA mobile,1fc5b1a7-6da0-4b10-9ac7-6cfce92709c3,Zaky 4032,2025-08-20T17:13:57.008826,https://play-lh.googleusercontent.com/a-/ALV-UjWPg-RCoqWXflVlb6kcXWPXWu_9wI-RnnkezzQDGAjdgApMKKet,2025-05-28T18:32:39,Keuangan,PT Bank Central Asia Tbk.,[object Object],2025-05-28 18:32:39,0,557329,4.6.6
1,com.bca,Tidak jadi bintang 4 di update malah banyak bugnya. Apalagi di undian gebyar BCA keluar balonnya lambat begitu diklik balonnya kebukannya lambat pula. Akhirnya tak cancel juga buang buang waktu hanya nungguin balon pecah.....,4.0530066,BCA mobile,d8a38530-d8a8-442f-94e0-044e6e1d09c9,Wawan Tarwan,2025-08-20T17:13:57.008831,https://play-lh.googleusercontent.com/a-/ALV-UjV5XIS1628g1Zpn1q1N4y_LVWDZyilTpc2YPDDlD8IUck9jGWNr,2025-06-01T10:46:44,Keuangan,PT Bank Central Asia Tbk.,[object Object],2025-06-01 10:46:44,2,557329,4.6.6
1,com.bca,"sekarang aplikasi bca mobile gak jelas, keseringan ada perbaikan syistem jadi menggangu dan menghambat transaksi jadi mau gak mau harus jalan ke ATM. Udah gitu yg bikin sebel ny lagi di situ tertulis ""mohon maaf sedang ada perbaikan syistem dari pukul 00.00 s/d estimasi 03.00. Sampe sekarang udh pukul 03.30 masih gak bisa-bisa BCA mobile ny gak jelas....",4.0530066,BCA mobile,d8b80c9c-ac3a-4a9d-b1b0-57b53fbbdf4c,Rizal Maruya,2025-08-20T17:13:57.008836,https://play-lh.googleusercontent.com/a/ACg8ocJrmWlX-sjSJwAmhJQ9DxFlCNuwCNOXGDYo8aRqv7dvVV5h4Q=mo,2025-06-15T03:24:54,Keuangan,PT Bank Central Asia Tbk.,[object Object],2025-06-15 03:24:54,2,557329,4.6.6
1,com.bca,"apl gak bisa dipakai,abis diriset gak bisa ngaktifin lagi,gagal minta no OTP padahal pulsa banyak.daftar lagi ke mesin ATM gagal infonya sudah di pakai ke no Laen padahal gak pernah ganti no hp.sama orang bank suruh pake mybca.mybca gagal terus verifikasi wajah padahal pencahayaan bagus",4.0530066,BCA mobile,c69a50ce-dda6-4c63-926a-05deb7aa8612,iswanto Alzufar,2025-08-20T17:13:57.008841,https://play-lh.googleusercontent.com/a-/ALV-UjVj5SYY-2e7bZG7B21lCiRIw4goZC1c3yl7XyomPkaKGIICEDY,2025-05-23T08:32:35,Keuangan,PT Bank Central Asia Tbk.,[object Object],2025-05-23 08:32:35,3,557329,4.6.6
1,com.bca,padahal sy dari dulu selalu pake rekening bca tp setelah ada kejadian saldo berkurang dan sy yg bukan mellakukan transaksii. kecewa stlh sy complaint ke kantor bca jawaban nya tdk ada kepastian yg jelas,4.0530066,BCA mobile,4d3e31f2-456b-4cfd-af89-385576346fac,Ali Fathi,2025-08-20T17:13:57.008847,https://play-lh.googleusercontent.com/a/ACg8ocK1ZBO0MGG0Cfu-xG35e4uuMWPfo82h0bqX8TeQInIA7Lwnsw=mo,2025-06-22T08:10:42,Keuangan,PT Bank Central Asia Tbk.,[object Object],2025-06-22 08:10:42,2,557329,4.6.7
4,com.bca,ko ga bisa buka rekening baru ya padahal pulsa ada udah disiapin terus udah 2x sms ga ada lanjutannya lagi cuma ada balasan kami mendeteksi permintaan gitu aja gimana sih pulsanya keburu abis daftarnya ga bisa bisa,4.0530066,BCA mobile,843280fd-13b1-4d38-9a85-5ff7590f1c5a,Sya Pink,2025-08-20T17:13:57.008852,https://play-lh.googleusercontent.com/a/ACg8ocKNcc7VDHdRyGuUKR438N3Dh1HXG1-g60zoFxVST4hjZSYwpg=mo,2025-06-13T14:04:32,Keuangan,PT Bank Central Asia Tbk.,[object Object],2025-06-13 14:04:32,0,557329,4.6.6
1,com.bca,"ini kenapa tidak bisa login, padahal sudah memasukan 16 nomor di kartu & sudah kirim sms tetapi tetap tidak bisa masuk walau sms sudah kekirim malah meminta untuk masukoan nomor & dikirim sms lagi, malah jadi double dan pulsa terkuras banyak",4.0530066,BCA mobile,50a74e1b-e28a-481d-a754-3e7637daaa9f,Andrew Rajendra,2025-08-20T17:13:57.008858,https://play-lh.googleusercontent.com/a-/ALV-UjU7aG3texutJsTWAy9d_hJnZh4QfDs_NLtsOEZiDjc5seKQzhaa,2025-06-18T03:14:34,Keuangan,PT Bank Central Asia Tbk.,[object Object],2025-06-18 03:14:34,1,557329,4.6.6
4,com.bca,"Saya pengguna BCA Tahapan Xpresi merasa keberatan dengan tarif biaya admin bulanan sebesar Rp. 10.000. Tahapan Xpresi itu kan lebih direkomendasikan untuk anak muda (remaja ke dewasa), harusnya biaya admin bulanan bisa diminimalisir lagi. Awal saya bikin tahun 2018 itu hanya dikenakan biaya Rp. 5.000/bulan, lalu naik Rp. 7.500 masih okelah, lalu naik lagi jadi Rp. 10.000 üíÜüèª‚Äç‚ôÄÔ∏è Tolong diperhatikan lagi terkait biaya admin bulanan ini. Terima kasih.",4.0530066,BCA mobile,52c663e6-a6fa-44f2-a3fa-d76ffeb0e9c3,Fitri Nirmala,2025-08-20T17:13:57.008862,https://play-lh.googleusercontent.com/a/ACg8ocKM0s0NK8ViqYyw9tp4QjJKETeCl9elyj2jVXnYGjRErMm9HA=mo,2025-06-21T13:34:07,Keuangan,PT Bank Central Asia Tbk.,[object Object],2025-06-21 13:34:07,0,557329,4.6.7
1,com.bca,"di hitung¬≤ 1 mnggu ini ada 10 x dsruh verfikasi ulang bca mobile...pulsa sering habis gara¬≤ buka ini aplksi..dulu ini sudah di bahas tapi tidak ad prubahan..Sim card tidak sesuai,silakan lakukakan verifikasi ulang BCA mobile...aduh¬≤ kadang¬≤ dalam 1 hari kena 3 x beginian pulsa jadi rentan dbuatnya...ini aplksai jadi penyedot...kacau ini aplksi ga ad perubhan...masalah ini yang bikin kesal stiap x buka bca mobile......",4.0530066,BCA mobile,a0b45566-f8db-4cdc-96b0-a6775c0e1b20,Bang Kartiasa,2025-08-20T17:13:57.008868,https://play-lh.googleusercontent.com/a/ACg8ocJ3FuOuYvuPUakThND747uzR5HUYgefrXQL_Sr7fut6BzJT7g=mo,2025-06-24T12:38:39,Keuangan,PT Bank Central Asia Tbk.,[object Object],2025-06-24 12:38:39,1,557329,4.6.7
2,com.bca,"udah 5 hari mau tf sesama rekening jus√æru gak bisa masuk gak jaringan terputus2 terus. tapi giliran beda rekening lancar. udah coba update, udah coba unistal pasang lagi, tetep aja. baru ini sedikit kecewa sama BCA",4.0530066,BCA mobile,e59c2dd4-2a4b-41f4-8a16-d15f30e05d86,Galih Nanda,2025-08-20T17:13:57.008873,https://play-lh.googleusercontent.com/a-/ALV-UjUxQokfZ3rYCPJAGdSUrbq78KVr8tF9jpMbxnzUnJSVD5chNW34mw,2025-05-30T08:37:57,Keuangan,PT Bank Central Asia Tbk.,[object Object],2025-05-30 08:37:57,1,557329,4.6.6
3,com.bca,"kurang puas. mauu tf antar rekening selalu muter dan ada tulisan sendingg, mohon bantuannya min, itu karna apa. padahal antar bank trus qris bisa, tapi antar rekening gabisa",4.0530066,BCA mobile,9981ddd2-92b6-4712-bca2-ea78754c95a5,Sartono Putro,2025-08-20T17:13:57.008878,https://play-lh.googleusercontent.com/a/ACg8ocLEYTdWsMYkc-xzRWNbn1mysHrTroLf4K15n6M_6T4O-Nc7QQ=mo,2025-06-09T00:59:32,Keuangan,PT Bank Central Asia Tbk.,[object Object],2025-06-09 00:59:32,0,557329,4.6.6
1,com.bca,"Tolong Dibenerin dong,Payah banget..Gabisa login Make Gmail..harus verifikasi No Tlpn Via SMS...ga semua org punya kartu prabayar kocak..klo kaya gw daftarnya make kartu pascabayar Via Telkomsel..gabisa buat SMS Kocak...Norak amat si verifikasi SMS..Cukup Verifikasi Gmail harusnya..Kaya Plat Merah BRI",4.0530066,BCA mobile,bb3b3dba-5384-4789-81f3-89865f82e10c,Caesya Prakoso,2025-08-20T17:13:57.008883,https://play-lh.googleusercontent.com/a-/ALV-UjXlktz6_8WfWORUPFzNH5dcCIU_j6MRsYqJnG3ZFvKYJqNZVHKQ,2025-06-25T06:42:52,Keuangan,PT Bank Central Asia Tbk.,[object Object],2025-06-25 06:42:52,1,557329,4.6.7
5,com.bca,"kenapa yaa tiba¬≤ keluar dari m baking trs disuruh daftar ulang, pas di daftar ulang malahh gaa bisa katanya jaringan tapi jringan saya baguss ajaa ga ada masalah udah coba berkali¬≤ tetap aja kek gini tolong dongg min. padahal sebelumnya ga pernah kek ginii tiba¬≤ keluar sndri dari apk dan disuruh daftar lagi",4.0530066,BCA mobile,2088d1f8-0e92-4d99-a1f6-48c73a178196,Febrina Dianti,2025-08-20T17:13:57.008888,https://play-lh.googleusercontent.com/a-/ALV-UjXhALuguEX0SchnWlYUgUfK0gT6xgFyRmGE3FmFx91HdFi80VQF,2025-07-04T20:49:15,Keuangan,PT Bank Central Asia Tbk.,[object Object],2025-07-04 20:49:15,8,557329,4.6.7
4,com.bca,"untuk semuanya masih aman seperti biasa, cuman setelah update agak kecewa mau delete inbox gk kaya dulu, sekarang di batas 5 jadi menyita waktu, kalo bisa kayak dulu lagi min delete inbox nya bisa lebih banyak biar gak ribet",4.0530066,BCA mobile,c118071a-0215-44d0-a6e4-77ebed522b4c,Tono Taryanto,2025-08-20T17:13:57.008893,https://play-lh.googleusercontent.com/a-/ALV-UjXF6-Cwi7gB7N9qhxDBwJE1yk-qcdKcchEtyOPbvquylyALeeA,2025-07-02T01:46:37,Keuangan,PT Bank Central Asia Tbk.,[object Object],2025-07-02 01:46:37,0,557329,4.6.7
1,com.bca,"kenapa selalu sering minta verifikasi kartu lagi seperti awal? dulu tidak pernah seperti ini, selalu menghabiskan pulsa!, cuman gara2 melepas ulang kartu tanpa menggantinya harus verifikasi aplikasi ulang?, bisa bikin aplikasi gk lu!",4.0530066,BCA mobile,32548cc0-f60f-4fc6-a9ec-7cded4d86b88,Muhammad Azmy Al-Hanif,2025-08-20T17:13:57.008899,https://play-lh.googleusercontent.com/a-/ALV-UjUR4h4f4LCIEXKBO3ARSlpgzrfvuErqyyW7ODrgaNkoHqyBIBxO,2025-07-18T15:17:47,Keuangan,PT Bank Central Asia Tbk.,[object Object],2025-07-18 15:17:47,13,557329,4.6.8
1,com.bca,"pergantian kartu atm sudah 2 bulan lebih gak sampe sampe,biaya pergantian kartu sudah,biaya pengiriman sudah, semuanya sudah,cs nya juga berubah ubah ngasih informasi,yang 1 sedang pengiriman yang 1 sedang proses,yang 1 tidak ada pergantian kartu,aneh nih bca,saya kasih bintang 1 pelayanan buruk",4.0530066,BCA mobile,ac24ebb5-a8d9-41bb-9273-de421acd8e14,Why Tri,2025-08-20T17:13:57.008904,https://play-lh.googleusercontent.com/a-/ALV-UjX8fG79CcxQ5nVZ59plmwGphMnb_H3BjYH_fYMvGVHtypu2uViZ,2025-07-11T14:54:14,Keuangan,PT Bank Central Asia Tbk.,[object Object],2025-07-11 14:54:14,1,557329,4.6.7
4,com.bca,"ini indikator nya lg eror apa gimana, merah terus, pake wifi merah terus padahal wifi lancar terus, kalo pake data agak agak bisa tapi lama, itu kenapa ya ini indikator merah terus gabiasanya begini, segera diperbaiki ya",4.0530066,BCA mobile,a37fb5d2-18ba-4275-806f-8aad9ef4b61d,Abel Bela Mustika,2025-08-20T17:13:57.008909,https://play-lh.googleusercontent.com/a-/ALV-UjWtjw1eNkULBOG45gaTz3-7kITQCTqnVlQqEziWTUnGFsYTTuxi,2025-07-01T19:56:43,Keuangan,PT Bank Central Asia Tbk.,[object Object],2025-07-01 19:56:43,1,557329,4.6.7
4,com.bca,"kenapa upgrade sekarang prefikasi wajah sangat susah,selalau gagal terus tolong di jelaskan,karna semua orang tidak sama pas difoto ktp dan pasti ada perbedaan karna seiringnya bertambah usia. tolong dipermudah lagi seperti dulu tanpa ada prefikasi wajah kita bisa langsung pake aplikasi ini.mohon dengan sangat pihak yg bertanggung jawab atas pembuatan aplikasi ini agar dipermudah trima kasih.",4.0530066,BCA mobile,49159029-21d7-4a78-9306-2be13167b72a,S Hendi,2025-08-20T17:13:57.008915,https://play-lh.googleusercontent.com/a/ACg8ocJkDBPMo6dOFroivkIUu4Z-7Iiddn5Ye6__HiFMFwBhYxxYNQ=mo,2025-07-04T20:39:47,Keuangan,PT Bank Central Asia Tbk.,[object Object],2025-07-04 20:39:47,17,557329,4.6.7
5,com.bca,"asli sih baru pertama kali nyoba BCA pas daftar ternyata sat set ga nyampe 10 menit daftar langsung di ACC, padahal saya daftar nya pakai wifi tapi lancar jaya semoga kedepannya BCA makin bagus fitur-fiturnya dan gampang di akses tidak Lag",4.0530066,BCA mobile,bc259247-4868-4264-a89d-c87cdfd710fa,Sukandi Kandi,2025-08-20T17:13:57.008920,https://play-lh.googleusercontent.com/a/ACg8ocKSkr2_zQEzJDhxKHbyQw_FSnG3oKx8CaecvtqNWBTDC_P30A=mo,2025-07-11T22:41:55,Keuangan,PT Bank Central Asia Tbk.,[object Object],2025-07-11 22:41:55,0,557329,4.6.7
3,com.bca,"dear admin.. ini kenapa ya udh di update bahkan saya instal ulang untuk transfer ke rekening lain selalu bug padahal sinyal aman bagus, aplikasi sudah diupdate tp tetap tidak bisa. tolong ini gimana solusinya.. tks",4.0530066,BCA mobile,3982eda6-a393-45d7-95d5-686a51d544a8,Sherly Lutfia,2025-08-20T17:13:57.008925,https://play-lh.googleusercontent.com/a/ACg8ocKqsr5kvyc5z4mN8IQNK3ZJHT2Eud-r1GO-Xd9g4eyt7A5bqQ=mo,2025-06-04T06:26:48,Keuangan,PT Bank Central Asia Tbk.,[object Object],2025-06-04 06:26:48,2,557329,4.6.6
3,com.bca,"mbca kenapa sii ya allah .. mau login ga bisa2. mulai dari 0 terus cara masuknya. harus ceklis2 terus. kan perlu pulsa buat kirim sms aktivasi.. udh coba 3x login, udh 3x pula bayar. udh di install ulang padahal .. ka ini tolong dibetulin aplikasinya supaya saya bisa lancar bertransaksi pakai mbcaüôèüèº terimakasih",4.0530066,BCA mobile,aec18ce1-bfd7-4fff-aec7-811fc83e5e1f,Zahra Azhari,2025-08-20T17:13:57.008930,https://play-lh.googleusercontent.com/a/ACg8ocJA1TcIZEtYp8yAq-dOHIAQKpDlYljVAa9uldmxpAvevnp3YQ=mo,2025-07-12T17:07:32,Keuangan,PT Bank Central Asia Tbk.,[object Object],2025-07-12 17:07:32,0,557329,4.6.7
4,com.bca,"Hallo, sejauh ini selama pakai BCA mobile aman2 aja. tapi kenapa selama 3 harian ini kok setiap ingin transfer ke sesama BCA ga bisa kebuka terus layanan transfer sesama BCA jd notifnya hanya sending aja dilayar dan setelahnya malah ga bisa kebuka lagi/ cancel. untuk ke bank lain malah baik2 aja, sama seperti BCA virtual account masih aman2 aja. minta tolong bgt, apa yg harus saya lakukan ya ? sedangkan untuk jaringan wifi/paket data semua aman kok. sudah update versi terbaru juga.",4.0530066,BCA mobile,7c079320-dd69-48ca-b82e-0ed5865c1756,renita apriani,2025-08-20T17:13:57.008936,https://play-lh.googleusercontent.com/a-/ALV-UjVi8ir3wk4HrCM1wMSjOk5e9GAUeFxijVR2gTNEW2VpWeCdXpI,2025-05-25T00:31:24,Keuangan,PT Bank Central Asia Tbk.,[object Object],2025-05-25 00:31:24,6,557329,4.6.6
5,com.bca,"kekurangannya mau transfer musti input norek lalu di save, kelamaan , gak instant seperti apk brimo seabank dll .. good lahh .. sejauh ini dan udah jauh serta tidak jauh jauh pokoke good.. . saya pake bca karena keamanan aja dan tidak ada potongan yg tidak jelas..",4.0530066,BCA mobile,71dab3ba-0fbe-439d-bd3c-c035aad2eef3,Fatih Putra Luxindo,2025-08-20T17:13:57.008940,https://play-lh.googleusercontent.com/a/ACg8ocJzm80TOfecbnY8qQRsqD-NBdFiTdkGzUMM6bBPok6Rj6kMCR6J=mo,2025-07-09T06:37:56,Keuangan,PT Bank Central Asia Tbk.,[object Object],2025-07-09 06:37:56,0,557329,4.6.7
1,com.bca,"hp saya rusak baterai dan lcdnya dan pindah ke hp sementara, ko begitu pindah, malah ga bisa masuk bca mobile aneh, tolong, bca saya udah centang persetujuan, dan masuk nomor kartu bca malah ga bisa sama sekali, di upgrade malah super duper ultra ribet, masa harus ke bank buat bca mobile padahal kan harusnya memudahkan pengguna ini upgrade jadi semakin jelek denger ya semakin jelek jelek daftar pertama aja ga bisa bikin susah pengguna",4.0530066,BCA mobile,142c336f-cdfd-4704-b956-3429ec3c40c4,Hendy Yoseptian,2025-08-20T17:13:57.008945,https://play-lh.googleusercontent.com/a-/ALV-UjUjhHl5uoU2Gmdweg1rrD5n_N4oO9kgeuQ7yUM1PEEmEaU4O80,2025-06-18T17:18:36,Keuangan,PT Bank Central Asia Tbk.,[object Object],2025-06-18 17:18:36,2,557329,4.6.6
1,com.bca,"Makin kesini makin aneh aja masa isi saldo 50k di rekening tinggal sisa 10k tanpa ada mutasi, padahal biaya admin biasanya tidak sampai 20k dan tidak ada tunggakan di bulan lalu. Saya sangat kecewa dengan BCA. Saya sudah melakukan pengecekan mutasi rekening tetapi tidak ada pengeluaran sebesar 40riburupiah",4.0530066,BCA mobile,3627b811-425b-4417-b8e1-4bc482f9d590,wahyu airdrop,2025-08-20T17:13:57.008950,https://play-lh.googleusercontent.com/a/ACg8ocIDlaRaY3iWcosvlnFOXKNu0eMJGdM5g24B4tR3k6OSuyhFFg=mo,2025-07-02T23:52:30,Keuangan,PT Bank Central Asia Tbk.,[object Object],2025-07-02 23:52:30,2,557329,4.6.7
2,com.bca,"ada call center yg bisa di hubungi untuk kendala saya? kemarin saya ada penarikan dana (cardless) berangkatlah saya nyari bca terdekat, dan disitu saya di buat kecewa karna ada pemberitahuan kode kadaluarsa, dan yg paling anehnya lagi uangnya ilang entah kemana, saldo berkurang tapi uang ga dapet, setelah itu saya lakukan penarikan ke 2 dan berhasil, tapi saldo saya berkurang 2x, tapi penarikan awal saya tidak dapat uang dan saldo saya tidak kembali.",4.0530066,BCA mobile,9755468b-966d-4142-983c-015f41fd0dbb,‚Ä¢Shinicc 1080,2025-08-20T17:13:57.008955,https://play-lh.googleusercontent.com/a-/ALV-UjVl6ReI6JET1KKFg3W0ms5eMYPqmqhLeoV1chhlzZP8Ig6zrJaSWg,2025-07-13T06:15:46,Keuangan,PT Bank Central Asia Tbk.,[object Object],2025-07-13 06:15:46,0,557329,4.6.7
1,com.bca,"heran aja sama ini bank masa kok setiap hri ada aja saldo berkurang dengan sendiri nya ya 3 ribu lah. yaa 5 ribu lah kadang 15 ribu hampir 1 minggu 3x seprti itu, padahal untuk admin juga 20k setiap bulan muncul di mutasi.. lah ini masak potongan kartu debit hampir seminggu 3x. 1MINGGU 3x PAHAM GA? .bahkan sebulan berapa kali duit ilang g jelas di mutasi juga ga muncul.. kl k cs alesannya selalu biaya admin, kl admin kan muncul di mutasi seperti biasanya",4.0530066,BCA mobile,60a91a6e-b6be-482e-aa50-b24297d50285,razqa nadia,2025-08-20T17:13:57.008978,https://play-lh.googleusercontent.com/a-/ALV-UjWIQcdnMYapA_Oz34KhYya1jEblBZcr-3SYYGlx5XXlenU_-zH5,2025-06-19T11:49:41,Keuangan,PT Bank Central Asia Tbk.,[object Object],2025-06-19 11:49:41,1,557329,4.6.6